{
  "method": "GN-PPM",
  "parameters": {
  	"eta": 0.001
  },
  "calc_type": "G0W0@PBE",
  "orbital": "LUMO",
  "remark": "RI with aux-def2-tzvpp",
  "code": "VOTCA-XTP",
  "basis_name": "def2-TZVPP",
  "basis_size": "3",
  "code_version": "1.7-dev",
  "qpe": "solved",
  "DOI": "unpublished",
  "basis": "gaussian RIFIT",
  "data": {
    "7446-09-5": -0.25652179739521064,
    "110-86-1": 1.0194812187434783,
    "13283-31-3": 0.30773646896692314,
    "7758-02-3": -0.17137002473397916,
    "558-13-4": -0.52338690716259,
    "17739-47-8": 0.34080769595919697,
    "100-41-4": 1.5026297870014433,
    "7783-06-4": 3.1247017240433026,
    "7440-01-9": 20.764681727817255,
    "629-20-9": 0.5191705627304963,
    "7664-39-3": 3.294781007461581,
    "7722-84-1": 3.33238230886609,
    "75-19-4": 3.394046364584957,
    "7647-14-5": -0.32653247278267433,
    "7439-90-9": 10.395968095754725,
    "7732-18-5": 3.041927598690359,
    "12184-80-4": -2.4961756460931808,
    "74-82-8": 3.4526898633732443,
    "75-07-0": 1.7149116582623811,
    "7782-41-4": 0.3710969114897332,
    "67-56-1": 3.07039321221106,
    "74-86-2": 3.376477107120403,
    "7782-79-8": 2.067072565220562,
    "62-53-3": 1.6292431780724137,
    "25681-80-5": -0.5463760712645148,
    "64-17-5": 2.837376551362935,
    "14452-59-6": -0.47354955128747667,
    "124-38-9": 4.3409778591696195,
    "392-56-3": 1.182816989264393,
    "593-60-2": 1.9028078741269203,
    "7440-37-1": 14.594385066841387,
    "74-90-8": 3.1861665100945644,
    "7727-37-9": 3.03109937828458,
    "108-95-2": 1.4271392217644936,
    "7803-51-2": 2.9787954788988427,
    "302-01-2": 2.5124368552113365,
    "57-13-6": 2.274242983319868,
    "19287-45-7": 1.0718756408041896,
    "7440-63-3": 7.618237194076473,
    "7440-59-7": 22.0112059182504,
    "1309-48-4": -1.4179131068500628,
    "13768-60-0": 1.5254253346133664,
    "106-97-8": 2.754830937506504,
    "17108-85-9": 0.334254894958447,
    "10028-15-6": -1.3911533010962198,
    "1590-87-0": 2.0164649953818077,
    "39297-88-6": -0.9033475495588668,
    "74-84-0": 3.0633280392327986,
    "74-98-6": 2.841498822497282,
    "56-23-5": 0.667639093218344,
    "7553-56-2": -1.3696923181499854,
    "75-73-0": 4.945664720743339,
    "7664-41-7": 2.913790715130946,
    "75-01-4": 1.9619804193840633,
    "12185-09-0": -0.3301837987967953,
    "7784-23-8": -0.4107023316385791,
    "64-18-6": 2.6474950633896532,
    "14868-53-2": 0.4422220618235565,
    "542-92-7": 1.4899570601330627,
    "1603-84-5": 1.451639790002849,
    "1333-74-0": 4.367544760662643,
    "108-95-2v2": 1.4829480440890241,
    "65-71-4": 0.6376102958759603,
    "7726-95-6": -0.7696853196924284,
    "7783-40-6": 0.07644027662815388,
    "7784-42-1": 2.9261261917344457,
    "23878-46-8": -0.2883795147826184,
    "66-22-8": 0.589914013906419,
    "7803-62-5": 2.9791450342601578,
    "7782-50-5": -0.2046319672710111,
    "12187-06-3": -0.8812345104844655,
    "75-02-5": 2.702074208818413,
    "10043-11-5": -3.354094186563658,
    "75-15-0": 0.3094268021952475,
    "39297-86-4": -0.9203256491018325,
    "7693-26-7": 0.0921879682303431,
    "544-92-3": -1.241129800344724,
    "73-24-5": 1.0781020667550107,
    "7786-30-3": -0.15704915081497345,
    "507-25-5": -1.680807600625419,
    "593-66-8": 1.3221864469526066,
    "1304-56-9": -2.0177186931821227,
    "50-00-0": 1.6105178808352054,
    "7783-60-0": 1.0317422802741485,
    "60-29-7": 2.8402912251628702,
    "73-40-5": 1.400969667689329,
    "7647-01-0": 2.8351225185085114,
    "593-60-2v2": 1.769428397642015,
    "71-43-2": 1.5251356443994744,
    "71-30-7": 0.8498621464880189,
    "630-08-0": 1.2252932176510871,
    "7783-63-3": 0.03064163440440932,
    "7782-65-2": 3.0844529983340503,
    "463-58-1": 1.8197670544309583,
    "108-88-3": 1.4624281983618654,
    "25681-79-2": -0.4989426482905196,
    "25681-81-6": -0.5316157258484495,
    "74-85-1": 2.5287434551122896,
    "12190-70-4": -0.6324194571751129,
    "7789-24-4": 0.20664846805269035,
    "7784-18-1": 0.610677013694806,
    "7580-67-8": 0.16832240472632215
  }
}
