{
  "method": "GN-PPM",
  "parameters": {
  	"eta": 0.001
  },
  "calc_type": "G0W0@PBE",
  "orbital": "LUMO",
  "remark": "RI with aux-def2-qzvpp",
  "code": "VOTCA-XTP",
  "basis_name": "def2-QZVPP",
  "basis_size": "4",
  "code_version": "1.7-dev",
  "qpe": "solved",
  "DOI": "unpublished",
  "basis": "gaussian RIFIT",
  "data": {
    "7446-09-5": -0.6318542636644191,
    "110-86-1": 0.8048707139699811,
    "13283-31-3": 0.18941128014495165,
    "7758-02-3": -0.2784812873386719,
    "558-13-4": -0.9210995504136786,
    "17739-47-8": 0.025765616412699144,
    "100-41-4": 1.298000430062032,
    "7783-06-4": 2.6837262410279186,
    "7440-01-9": 11.703857044736104,
    "629-20-9": 0.3370910241042374,
    "7664-39-3": 2.5972267655675676,
    "7722-84-1": 2.869519740199607,
    "75-19-4": 2.49013601830792,
    "7647-14-5": -0.35160252123338287,
    "7439-90-9": 7.5843977471722726,
    "7732-18-5": 2.4547927735671733,
    "12184-80-4": -2.6446131559994748,
    "74-82-8": 2.47538735071522,
    "75-07-0": 1.4587726582482015,
    "7782-41-4": 0.017458723452384674,
    "67-56-1": 2.302949373210051,
    "74-86-2": 2.9823411302860436,
    "7782-79-8": 1.8168783984315309,
    "62-53-3": 1.3949886980115613,
    "25681-80-5": -0.7063176866775228,
    "64-17-5": 2.118104130516893,
    "14452-59-6": -0.613418387053843,
    "124-38-9": 2.589915244100749,
    "392-56-3": 0.9469198404283345,
    "593-60-2": 1.59886970820396,
    "7440-37-1": 8.12969736945711,
    "74-90-8": 2.8105222293092194,
    "7727-37-9": 2.7978742801249474,
    "108-95-2": 1.1982665059991318,
    "7803-51-2": 2.586124345669456,
    "302-01-2": 2.0288019087750073,
    "57-13-6": 1.6761870622858508,
    "19287-45-7": 0.9434271244000486,
    "7440-63-3": 4.359267356568166,
    "7440-59-7": 11.063034115800217,
    "1309-48-4": -1.5868309253403072,
    "13768-60-0": 1.3772443253909752,
    "106-97-8": 2.183501481556783,
    "17108-85-9": -0.026310473724571203,
    "10028-15-6": -1.652440290682808,
    "1590-87-0": 1.756082101578165,
    "39297-88-6": -1.0121739017360103,
    "74-84-0": 2.320611448850228,
    "74-98-6": 2.214003374169169,
    "56-23-5": 0.20561692509845547,
    "7553-56-2": -1.6810427273004325,
    "75-73-0": 4.4474184762888145,
    "7664-41-7": 2.3669017093548534,
    "75-01-4": 1.665412527898932,
    "12185-09-0": -0.6167737684985494,
    "7784-23-8": -0.6872822735138716,
    "64-18-6": 2.32748744326277,
    "14868-53-2": 0.2181890268602251,
    "542-92-7": 1.2846284055059125,
    "1603-84-5": 1.167354834126247,
    "1333-74-0": 3.5375395876154316,
    "108-95-2v2": 1.255004363165564,
    "65-71-4": 0.4032107380561755,
    "7726-95-6": -1.2138639566956182,
    "7783-40-6": -0.0700213835887503,
    "7784-42-1": 2.3520565896168253,
    "23878-46-8": -0.8003462266192887,
    "66-22-8": 0.3501983326063593,
    "7803-62-5": 2.5024606588877005,
    "7782-50-5": -0.6164326824418129,
    "12187-06-3": -1.10406819295891,
    "75-02-5": 2.3940966656463223,
    "10043-11-5": -3.4761981100664623,
    "75-15-0": 0.020339693480764108,
    "39297-86-4": -1.021820979184839,
    "7693-26-7": -0.11370499951732918,
    "544-92-3": -1.496445559698514,
    "73-24-5": 0.8243303725260446,
    "7786-30-3": -0.38276765988800115,
    "507-25-5": -1.9599622263289513,
    "593-66-8": 1.0032922394396893,
    "1304-56-9": -2.213596748475684,
    "50-00-0": 1.3334630975701773,
    "7783-60-0": 0.6429881175189044,
    "60-29-7": 2.1499334119050073,
    "73-40-5": 1.1179070826973652,
    "7647-01-0": 2.1592507794266322,
    "593-60-2v2": 1.488670707608103,
    "71-43-2": 1.3114377030289328,
    "71-30-7": 0.5978867242163715,
    "630-08-0": 1.008921711316516,
    "7783-63-3": -0.17026669384984439,
    "7782-65-2": 2.3173467499284657,
    "463-58-1": 1.516455428042996,
    "108-88-3": 1.2494950772566393,
    "25681-79-2": -0.573370645719939,
    "25681-81-6": -0.6457164357338642,
    "74-85-1": 2.244003991356624,
    "12190-70-4": -0.9137260985794532,
    "7789-24-4": 0.09210670755103469,
    "7784-18-1": 0.2720235551161955,
    "7580-67-8": -0.01899499979354355
  }
}
