{
  "method": "GN-PPM",
  "parameters": {
  	"eta": 0.001
  },
  "calc_type": "G0W0@PBE",
  "orbital": "HOMO",
  "remark": "RI with aux-def2-qzvp",
  "code": "VOTCA-XTP",
  "basis_name": "def2-QZVP",
  "basis_size": "4",
  "code_version": "1.7-dev",
  "qpe": "solved",
  "DOI": "unpublished",
  "basis": "gaussian RIFIT",
  "data": {
    "7446-09-5": -11.42059862582868,
    "110-86-1": -8.732000123149318,
    "13283-31-3": -12.736776394684485,
    "7758-02-3": -7.719013348003132,
    "558-13-4": -9.850030757248797,
    "17739-47-8": -10.829672248310807,
    "100-41-4": -8.382540004630844,
    "7783-06-4": -9.966634027889668,
    "7440-01-9": -19.937078071973044,
    "629-20-9": -7.888934963601061,
    "7664-39-3": -14.767587146635735,
    "7722-84-1": -10.468029391590006,
    "75-19-4": -10.334696249168648,
    "7647-14-5": -8.44391201154498,
    "7439-90-9": -13.577700509154077,
    "7732-18-5": -11.586034426269865,
    "12184-80-4": -10.629968858138238,
    "74-82-8": -13.75181782052154,
    "75-07-0": -9.190138427122726,
    "7782-41-4": -14.33714363955225,
    "67-56-1": -10.167889966128492,
    "74-86-2": -10.865823964840963,
    "7782-79-8": -10.019261151499288,
    "62-53-3": -7.422578271632683,
    "25681-80-5": -4.455029229936198,
    "64-17-5": -9.800154152702875,
    "14452-59-6": -5.2539052666909205,
    "124-38-9": -12.749473928272021,
    "392-56-3": -9.234680790286136,
    "593-60-2": -8.866223118807753,
    "7440-37-1": -15.009324726232922,
    "74-90-8": -12.97392434378269,
    "7727-37-9": -14.53303535985348,
    "108-95-2": -8.103781580450306,
    "7803-51-2": -10.252619455971077,
    "302-01-2": -9.012358705717052,
    "57-13-6": -8.958805113593593,
    "19287-45-7": -11.665508211068945,
    "7440-63-3": -12.016299826584687,
    "7440-59-7": -23.288993891813686,
    "1309-48-4": -6.637304836340127,
    "13768-60-0": -10.685584392017757,
    "106-97-8": -11.300615228906873,
    "17108-85-9": -9.57538763023473,
    "10028-15-6": -11.380801531864957,
    "1590-87-0": -10.252116597877842,
    "39297-88-6": -4.452348775503091,
    "74-84-0": -12.15053570149019,
    "74-98-6": -11.597164833888588,
    "56-23-5": -10.8498185757498,
    "7553-56-2": -9.245619363891311,
    "75-73-0": -14.789257001229043,
    "7664-41-7": -10.110471621151934,
    "75-01-4": -9.602514425434569,
    "12185-09-0": -10.181729199216907,
    "7784-23-8": -9.34358396095615,
    "64-18-6": -10.347093426624522,
    "14868-53-2": -8.912556500108227,
    "542-92-7": -8.209414342277615,
    "1603-84-5": -10.136352726238584,
    "1333-74-0": -15.745332580209526,
    "108-95-2v2": -8.015772644840116,
    "65-71-4": -8.458257395985418,
    "7726-95-6": -10.15751413370113,
    "7783-40-6": -12.138257730545298,
    "7784-42-1": -10.129455354600186,
    "23878-46-8": -9.52733813481729,
    "66-22-8": -8.907000471771806,
    "7803-62-5": -12.23157907376328,
    "7782-50-5": -10.944631859142568,
    "12187-06-3": -7.85323994296172,
    "75-02-5": -9.964411631229366,
    "10043-11-5": -10.88643071247056,
    "75-15-0": -9.642736742398808,
    "39297-86-4": -4.37055209173967,
    "7693-26-7": -5.405535214572732,
    "544-92-3": -9.53751167186462,
    "73-24-5": -7.731996031316416,
    "7786-30-3": -11.014287943595916,
    "507-25-5": -8.827445383180802,
    "593-66-8": -8.980207947453144,
    "1304-56-9": -9.006777710507153,
    "50-00-0": -9.906832970620398,
    "7783-60-0": -11.702617802702544,
    "60-29-7": -8.985354482306828,
    "73-40-5": -7.444770990975311,
    "7647-01-0": -12.12339295697444,
    "593-60-2v2": -9.380245245916003,
    "71-43-2": -8.837410839223995,
    "71-30-7": -8.01745273640102,
    "630-08-0": -13.397145545684236,
    "7783-63-3": -13.427173168672573,
    "7782-65-2": -11.986310718468154,
    "463-58-1": -10.731409271919164,
    "108-88-3": -8.449333277749876,
    "25681-79-2": -5.112175605936507,
    "25681-81-6": -4.206938123708162,
    "74-85-1": -10.195349481235644,
    "12190-70-4": -7.093823782152054,
    "7789-24-4": -9.852215038471545,
    "7784-18-1": -13.807701879907931,
    "7580-67-8": -7.148094263538732
  }
}
