{
    "orbital": "HOMO",
    "qpe": "solved",
    "code": "MOLGW",
    "code_version": "2.B",
    "DOI": "unpublished",
    "basis": "gaussian",
    "basis_size": "3",
    "basis_name": "def2-TZVP",
    "remark": [
        "For BeO and Cu2, first QP peak manually selected to comply with TM; For BeO, eta=1.0e-5, step_sigma=1.0e-4, nomega_sigma=5000"
    ],
    "method": "AFF",
    "parameters": {
        "eta": 0.001,
        "auxil_basis": "auto"
    },
    "calc_type": "G0W0@PBE",
    "data": {
        "100-41-4": -8.37222418,
        "10028-15-6": -11.2636318,
        "10043-11-5": -10.9009105,
        "106-97-8": -11.2777345,
        "108-88-3": -8.43166732,
        "108-95-2": -8.15652969,
        "108-95-2v2": -8.05404562,
        "110-86-1": -8.84922547,
        "12184-80-4": -10.6573944,
        "12185-09-0": -10.0238988,
        "12187-06-3": -7.36598844,
        "12190-70-4": -6.660244,
        "124-38-9": -13.0432919,
        "1304-56-9": -8.508286,
        "1309-48-4": -6.60576026,
        "13283-31-3": -12.6658441,
        "1333-74-0": -15.6388001,
        "13768-60-0": -10.3943778,
        "14452-59-6": -4.86993863,
        "14868-53-2": -8.70367714,
        "1590-87-0": -10.0899956,
        "1603-84-5": -10.0013132,
        "17108-85-9": -9.40185099,
        "17739-47-8": -10.9748749,
        "19287-45-7": -11.6243923,
        "23878-46-8": -9.34396999,
        "25681-79-2": -4.80838095,
        "25681-80-5": -3.91591519,
        "25681-81-6": -3.73795584,
        "302-01-2": -9.10841434,
        "392-56-3": -9.2489778,
        "39297-86-4": -4.07754032,
        "39297-88-6": -4.1927013,
        "463-58-1": -10.7002149,
        "50-00-0": -10.1218305,
        "507-25-5": -8.51755547,
        "542-92-7": -8.1776014,
        "544-92-3": -9.28264923,
        "558-13-4": -9.6771964,
        "56-23-5": -10.7329583,
        "57-13-6": -9.10430228,
        "593-60-2": -8.79267021,
        "593-60-2v2": -9.29264096,
        "593-66-8": -8.79649738,
        "60-29-7": -9.1063807,
        "62-53-3": -7.42667438,
        "629-20-9": -7.8663328,
        "630-08-0": -13.430406,
        "64-17-5": -9.94273282,
        "64-18-6": -10.5370646,
        "65-71-4": -8.48819787,
        "66-22-8": -9.01526335,
        "67-56-1": -10.3447269,
        "71-30-7": -8.06578139,
        "71-43-2": -8.80870749,
        "73-24-5": -7.74718137,
        "73-40-5": -7.46074401,
        "74-82-8": -13.7353104,
        "74-84-0": -12.1568893,
        "74-85-1": -10.1807588,
        "74-86-2": -10.9050255,
        "74-90-8": -13.0717899,
        "74-98-6": -11.5822148,
        "7439-90-9": -13.3654632,
        "7440-01-9": -13.148214,
        "7440-37-1": -14.9730576,
        "7440-59-7": -15.6375233,
        "7440-63-3": -11.7461663,
        "7446-09-5": -11.5836194,
        "75-01-4": -9.55688406,
        "75-02-5": -10.0099762,
        "75-07-0": -9.35860674,
        "75-15-0": -9.53616153,
        "75-19-4": -10.3630443,
        "75-73-0": -15.1335696,
        "7553-56-2": -8.98326463,
        "7580-67-8": -6.43536985,
        "7647-01-0": -12.0665181,
        "7647-14-5": -7.84501615,
        "7664-39-3": -15.1907879,
        "7664-41-7": -10.1534398,
        "7693-26-7": -4.68693485,
        "7722-84-1": -10.8109218,
        "7726-95-6": -9.99483391,
        "7727-37-9": -14.7260787,
        "7732-18-5": -11.8168474,
        "7758-02-3": -7.11942752,
        "7782-41-4": -14.8184128,
        "7782-50-5": -10.8785087,
        "7782-65-2": -11.8474662,
        "7782-79-8": -10.2087828,
        "7783-06-4": -9.83739476,
        "7783-40-6": -12.1584134,
        "7783-60-0": -11.8462867,
        "7783-63-3": -13.7136276,
        "7784-18-1": -14.0202529,
        "7784-23-8": -9.02955986,
        "7784-42-1": -9.98602746,
        "7786-30-3": -10.8009792,
        "7789-24-4": -9.54142178,
        "7803-51-2": -10.0954307,
        "7803-62-5": -12.1050823
    }
}
