{
  "method": "AFF",
  "parameters": {
  	"eta": 0.001
  },
  "calc_type": "G0W0@PBE",
  "orbital": "HOMO",
  "remark": "RI with aux-def2-tzvpp",
  "code": "VOTCA-XTP",
  "basis_name": "def2-TZVPP",
  "basis_size": "3",
  "code_version": "1.7-dev",
  "qpe": "solved",
  "DOI": "unpublished",
  "basis": "gaussian RIFIT",
  "data": {
    "7446-09-5": -11.595700285121346,
    "110-86-1": -8.872105259680426,
    "13283-31-3": -12.773974167893858,
    "7758-02-3": -7.058673432202025,
    "558-13-4": -9.556933547796344,
    "17739-47-8": -10.988282576173042,
    "100-41-4": -8.394273224672697,
    "7783-06-4": -9.8964046471424,
    "7440-01-9": -20.420592891446503,
    "629-20-9": -7.897617347622189,
    "7664-39-3": -15.199774226071536,
    "7722-84-1": -10.829044445897951,
    "75-19-4": -10.407212332304523,
    "7647-14-5": -7.869046525552917,
    "7439-90-9": -13.263747886133375,
    "7732-18-5": -11.852532181712299,
    "12184-80-4": -10.656370685190922,
    "74-82-8": -13.845270975251928,
    "75-07-0": -9.385504171254423,
    "7782-41-4": -14.817253718769788,
    "67-56-1": -10.37835529385243,
    "74-86-2": -10.914559340625498,
    "7782-79-8": -10.218013242134766,
    "62-53-3": -7.455279136056842,
    "25681-80-5": -3.916994972081339,
    "64-17-5": -9.988165559337164,
    "14452-59-6": -4.997347328941007,
    "124-38-9": -13.042803160648031,
    "392-56-3": -9.246974700074372,
    "593-60-2": -8.76232668078939,
    "7440-37-1": -15.020453614134327,
    "74-90-8": -13.070455569218527,
    "7727-37-9": -14.72481898991393,
    "108-95-2": -8.17384477104385,
    "7803-51-2": -10.186136522407546,
    "302-01-2": -9.149436540802709,
    "57-13-6": -9.099655241122976,
    "19287-45-7": -11.733065578510706,
    "7440-63-3": -11.745627698139849,
    "7440-59-7": -23.74796677296927,
    "1309-48-4": -6.620749594908314,
    "13768-60-0": -10.394887562333855,
    "106-97-8": -11.39362369159114,
    "17108-85-9": -9.380896529644252,
    "10028-15-6": -11.2924,
    "1590-87-0": -10.178407045513746,
    "39297-88-6": -4.193314653236547,
    "74-84-0": -12.259691401519941,
    "74-98-6": -11.701498699102428,
    "56-23-5": -10.780849179740349,
    "7553-56-2": -8.983652226938396,
    "75-73-0": -15.130409509754124,
    "7664-41-7": -10.213228139919675,
    "75-01-4": -9.591662743814217,
    "12185-09-0": -10.055601877526902,
    "7784-23-8": -9.029410311071164,
    "64-18-6": -10.548872697541636,
    "14868-53-2": -8.780232252573324,
    "542-92-7": -8.207621324204494,
    "1603-84-5": -9.934703786405533,
    "1333-74-0": -15.81498503735587,
    "108-95-2v2": -8.07543318222336,
    "65-71-4": -8.506993213354503,
    "7726-95-6": -9.882907706893038,
    "7783-40-6": -12.155486929162487,
    "7784-42-1": -10.006819328128131,
    "23878-46-8": -9.255108538430992,
    "66-22-8": -9.028568015432715,
    "7803-62-5": -12.245667956749621,
    "7782-50-5": -10.917076199487594,
    "12187-06-3": -7.552836171555758,
    "75-02-5": -10.031368110775256,
    "10043-11-5": -10.907743242329117,
    "75-15-0": -9.568387720628927,
    "39297-86-4": -4.076946084044095,
    "7693-26-7": -4.829191337677188,
    "544-92-3": -9.418789554458565,
    "73-24-5": -7.76488557086259,
    "7786-30-3": -10.830599325822247,
    "507-25-5": -8.516118524602005,
    "593-66-8": -8.804433707978516,
    "1304-56-9": -8.5804,
    "50-00-0": -10.157414678556867,
    "7783-60-0": -11.868329281752201,
    "60-29-7": -9.150148751732393,
    "73-40-5": -7.474768495487073,
    "7647-01-0": -12.109795854808407,
    "593-60-2v2": -9.251412979291848,
    "71-43-2": -8.8362423303591,
    "71-30-7": -8.080960735589322,
    "630-08-0": -13.429815915774991,
    "7783-63-3": -13.703655803202189,
    "7782-65-2": -11.932180626922191,
    "463-58-1": -10.724157269728506,
    "108-88-3": -8.460144401378749,
    "25681-79-2": -4.808415249545358,
    "25681-81-6": -3.7474311450356548,
    "74-85-1": -10.208334032731129,
    "12190-70-4": -6.70222,
    "7789-24-4": -9.656479098992335,
    "7784-18-1": -14.01669960033508,
    "7580-67-8": -6.564485504443931
  }
}
