{
  "method": "GN-PPM",
  "parameters": {
  	"eta": 0.001
  },
  "calc_type": "G0W0@PBE",
  "orbital": "HOMO",
  "remark": "RI with aux-def2-tzvpp",
  "code": "VOTCA-XTP",
  "basis_name": "def2-TZVPP",
  "basis_size": "3",
  "code_version": "1.7-dev",
  "qpe": "solved",
  "DOI": "unpublished",
  "basis": "gaussian RIFIT",
  "data": {
    "7446-09-5": -11.254440146482452,
    "110-86-1": -8.619458891528899,
    "13283-31-3": -12.669203393219824,
    "7758-02-3": -7.455644743722912,
    "558-13-4": -9.559162023973824,
    "17739-47-8": -10.734915307520387,
    "100-41-4": -8.270227475163699,
    "7783-06-4": -9.849682643037866,
    "7440-01-9": -20.050767884765506,
    "629-20-9": -7.775515099568995,
    "7664-39-3": -14.748753156663415,
    "7722-84-1": -10.386206155124245,
    "75-19-4": -10.239781734822898,
    "7647-14-5": -8.275958546500009,
    "7439-90-9": -13.309008902547234,
    "7732-18-5": -11.535744573929016,
    "12184-80-4": -10.540412415079274,
    "74-82-8": -13.688779636742995,
    "75-07-0": -9.08413512143748,
    "7782-41-4": -14.296383791144445,
    "67-56-1": -10.065053473222463,
    "74-86-2": -10.787645536610313,
    "7782-79-8": -9.908029992407586,
    "62-53-3": -7.290186090551146,
    "25681-80-5": -4.3028119714528055,
    "64-17-5": -9.696628485052681,
    "14452-59-6": -5.180194854694406,
    "124-38-9": -12.630498777681932,
    "392-56-3": -9.062372062542563,
    "593-60-2": -8.67974403151835,
    "7440-37-1": -14.946735407751145,
    "74-90-8": -12.882345943815496,
    "7727-37-9": -14.440654486120309,
    "108-95-2": -7.972589751777197,
    "7803-51-2": -10.165016441081008,
    "302-01-2": -8.925879779408355,
    "57-13-6": -8.8251600114076,
    "19287-45-7": -11.594669513032382,
    "7440-63-3": -11.76537387267478,
    "7440-59-7": -23.5861802036527,
    "1309-48-4": -6.581994861444785,
    "13768-60-0": -10.56820885366554,
    "106-97-8": -11.228047649751764,
    "17108-85-9": -9.40228720629926,
    "10028-15-6": -11.289910994778658,
    "1590-87-0": -10.141116829034749,
    "39297-88-6": -4.4199839427099565,
    "74-84-0": -12.081717606464583,
    "74-98-6": -11.525269350550088,
    "56-23-5": -10.698860677240853,
    "7553-56-2": -8.997448509707793,
    "75-73-0": -14.677786525749475,
    "7664-41-7": -10.0426634398265,
    "75-01-4": -9.472384056217663,
    "12185-09-0": -10.051333215798373,
    "7784-23-8": -9.091665102296986,
    "64-18-6": -10.229098397272432,
    "14868-53-2": -8.777339171788434,
    "542-92-7": -8.10074273771057,
    "1603-84-5": -9.910823191417888,
    "1333-74-0": -15.740860447174308,
    "108-95-2v2": -7.884695536174915,
    "65-71-4": -8.321939451139917,
    "7726-95-6": -9.87796269127034,
    "7783-40-6": -12.060515899077503,
    "7784-42-1": -9.995974214006939,
    "23878-46-8": -9.303889066164206,
    "66-22-8": -8.774783930367844,
    "7803-62-5": -12.161738252488297,
    "7782-50-5": -10.811137552979165,
    "12187-06-3": -7.735458257879128,
    "75-02-5": -9.846049003233624,
    "10043-11-5": -10.786356633336453,
    "75-15-0": -9.500209418613206,
    "39297-86-4": -4.318910786445,
    "7693-26-7": -5.279474135178856,
    "544-92-3": -9.51562347698627,
    "73-24-5": -7.578933626907286,
    "7786-30-3": -10.887020762383202,
    "507-25-5": -8.577785510775819,
    "593-66-8": -8.782348142595016,
    "1304-56-9": -8.920511209622061,
    "50-00-0": -9.805813928478646,
    "7783-60-0": -11.538939820425366,
    "60-29-7": -8.879592009114166,
    "73-40-5": -7.287289945012904,
    "7647-01-0": -12.01755829487506,
    "593-60-2v2": -9.185186197573149,
    "71-43-2": -8.725524115071613,
    "71-30-7": -7.870569654253536,
    "630-08-0": -13.305480321617802,
    "7783-63-3": -13.340238927653626,
    "7782-65-2": -11.880463668762484,
    "463-58-1": -10.59412090112757,
    "108-88-3": -8.336999587614239,
    "25681-79-2": -5.081531475737459,
    "25681-81-6": -4.114092784873659,
    "74-85-1": -10.11160797871696,
    "12190-70-4": -7.197912372522522,
    "7789-24-4": -9.70489654762557,
    "7784-18-1": -13.672715226563119,
    "7580-67-8": -7.0998327800312495
  }
}
