{
  "method": "GN-PPM",
  "parameters": {
  	"eta": 0.001
  },
  "calc_type": "G0W0@PBE",
  "orbital": "LUMO",
  "remark": "RI with aux-def2-qzvp",
  "code": "VOTCA-XTP",
  "basis_name": "def2-QZVP",
  "basis_size": "4",
  "code_version": "1.7-dev",
  "qpe": "solved",
  "DOI": "unpublished",
  "basis": "gaussian RIFIT",
  "data": {
    "7446-09-5": -0.6318542636644251,
    "110-86-1": 0.8048707139699811,
    "13283-31-3": 0.18941128014495165,
    "7758-02-3": -0.27738882616002025,
    "558-13-4": -0.8812347750703559,
    "17739-47-8": 0.025765616412700653,
    "100-41-4": 1.298000430062035,
    "7783-06-4": 2.6837262410279124,
    "7440-01-9": 11.703857044736106,
    "629-20-9": 0.3370910241042359,
    "7664-39-3": 2.5972267655675685,
    "7722-84-1": 2.8695197401996038,
    "75-19-4": 2.4901360183079024,
    "7647-14-5": -0.33907260197052413,
    "7439-90-9": 7.602739310278331,
    "7732-18-5": 2.454792773567177,
    "12184-80-4": -2.644613155999478,
    "74-82-8": 2.475387350715197,
    "75-07-0": 1.4587726582481986,
    "7782-41-4": 0.01745872345237863,
    "67-56-1": 2.3029493732100557,
    "74-86-2": 2.9823411302860423,
    "7782-79-8": 1.816878398431528,
    "62-53-3": 1.3949886980115567,
    "25681-80-5": -0.6743105320401762,
    "64-17-5": 2.1181041305169437,
    "14452-59-6": -0.613418387053843,
    "124-38-9": 2.5899152441006614,
    "392-56-3": 0.9469198404283377,
    "593-60-2": 1.6114722121194986,
    "7440-37-1": 8.12969736945711,
    "74-90-8": 2.810522229309218,
    "7727-37-9": 2.7978742801249474,
    "108-95-2": 1.1982665059991333,
    "7803-51-2": 2.5861243456694516,
    "302-01-2": 2.028801908775021,
    "57-13-6": 1.6761870622858501,
    "19287-45-7": 0.94342712440005,
    "7440-63-3": 4.35926735656824,
    "7440-59-7": 11.063034115800217,
    "1309-48-4": -1.5805097218993562,
    "13768-60-0": 1.3772443253909752,
    "106-97-8": 2.1835014815567684,
    "17108-85-9": -0.002134333377434401,
    "10028-15-6": -1.6524402906828048,
    "1590-87-0": 1.7560821015781665,
    "39297-88-6": -0.9973074648969329,
    "74-84-0": 2.3206114488502636,
    "74-98-6": 2.214003374169161,
    "56-23-5": 0.2056169250984585,
    "7553-56-2": -1.6810427273004296,
    "75-73-0": 4.447418476288801,
    "7664-41-7": 2.3669017093548486,
    "75-01-4": 1.6654125278989274,
    "12185-09-0": -0.6167737684985494,
    "7784-23-8": -0.6872822735138716,
    "64-18-6": 2.32748744326277,
    "14868-53-2": 0.21818902686021904,
    "542-92-7": 1.284628405505911,
    "1603-84-5": 1.1897631796596524,
    "1333-74-0": 3.537539587615439,
    "108-95-2v2": 1.2550043631655672,
    "65-71-4": 0.4032107380561755,
    "7726-95-6": -1.1636733958881418,
    "7783-40-6": -0.06415927222239116,
    "7784-42-1": 2.3740991289382056,
    "23878-46-8": -0.761479836957161,
    "66-22-8": 0.3501983326063593,
    "7803-62-5": 2.502460658887697,
    "7782-50-5": -0.6164326824418159,
    "12187-06-3": -1.0282099069093458,
    "75-02-5": 2.3940966656463223,
    "10043-11-5": -3.4761981100664623,
    "75-15-0": 0.020339693480765617,
    "39297-86-4": -1.005525214695157,
    "7693-26-7": -0.10094511470179392,
    "544-92-3": -1.434106374681233,
    "73-24-5": 0.8243303725260446,
    "7786-30-3": -0.3770395119065332,
    "507-25-5": -1.9599622263289482,
    "593-66-8": 1.0032922394397015,
    "1304-56-9": -2.213596748475683,
    "50-00-0": 1.3334630975701773,
    "7783-60-0": 0.6429881175189044,
    "60-29-7": 2.1499334119049935,
    "73-40-5": 1.117907082697362,
    "7647-01-0": 2.1592507794266367,
    "593-60-2v2": 1.5017098048095512,
    "71-43-2": 1.3114377030289297,
    "71-30-7": 0.5978867242163715,
    "630-08-0": 1.008921711316516,
    "7783-63-3": -0.14644325302470118,
    "7782-65-2": 2.349540688606133,
    "463-58-1": 1.516455428042996,
    "108-88-3": 1.2494950772566424,
    "25681-79-2": -0.5574258817799679,
    "25681-81-6": -0.5804474122465872,
    "74-85-1": 2.2440039913566228,
    "12190-70-4": -0.8288584628213385,
    "7789-24-4": 0.09210670755103506,
    "7784-18-1": 0.2720235551161955,
    "7580-67-8": -0.018994999793543927
  }
}
