{
  "method": "AFF",
  "parameters": {
  	"eta": 0.001
  },
  "calc_type": "G0W0@PBE",
  "orbital": "LUMO",
  "remark": "RI with aux-def2-tzvpp",
  "code": "VOTCA-XTP",
  "basis_name": "def2-TZVPP",
  "basis_size": "3",
  "code_version": "1.7-dev",
  "qpe": "solved",
  "DOI": "unpublished",
  "basis": "gaussian RIFIT",
  "data": {
    "7446-09-5": -0.5288099928119419,
    "110-86-1": 0.7739047073685633,
    "13283-31-3": 0.2490887810254223,
    "7758-02-3": -0.20620487094036488,
    "558-13-4": -0.6670148779798856,
    "17739-47-8": 0.18503633501292777,
    "100-41-4": 1.2927107524309351,
    "7783-06-4": 3.043543887941847,
    "7440-01-9": 20.72310340191968,
    "629-20-9": 0.2998581850471198,
    "7664-39-3": 3.2200255050836923,
    "7722-84-1": 2.940525696927933,
    "75-19-4": 3.351681018880144,
    "7647-14-5": -0.3770752643395605,
    "7439-90-9": 10.395264433329402,
    "7732-18-5": 2.985485289247374,
    "12184-80-4": -2.72141773355633,
    "74-82-8": 3.4285915648022676,
    "75-07-0": 1.3792623684894454,
    "7782-41-4": -0.1818544243573915,
    "67-56-1": 3.0020528402503017,
    "74-86-2": 3.2350047844183134,
    "7782-79-8": 1.7388827475229722,
    "62-53-3": 1.4200043133544247,
    "25681-80-5": -0.5384484630768583,
    "64-17-5": 2.761014215886802,
    "14452-59-6": -0.4900407599053932,
    "124-38-9": 4.066241820814834,
    "392-56-3": 0.958531332964094,
    "593-60-2": 1.703301495762728,
    "7440-37-1": 14.574756486747464,
    "74-90-8": 2.9780849766595647,
    "7727-37-9": 2.774995952714366,
    "108-95-2": 1.2265765612588677,
    "7803-51-2": 2.915516458070054,
    "302-01-2": 2.4567348983677606,
    "57-13-6": 2.214398037523972,
    "19287-45-7": 0.9796536307702739,
    "7440-63-3": 7.605181901413599,
    "7440-59-7": 21.92174346240978,
    "1309-48-4": -1.6989797477852058,
    "13768-60-0": 1.384675343894043,
    "106-97-8": 2.714867213188105,
    "17108-85-9": 0.3368159574250547,
    "10028-15-6": -1.8989296219861937,
    "1590-87-0": 1.9520038801280941,
    "39297-88-6": -0.8896827244385906,
    "74-84-0": 3.0347640538575944,
    "74-98-6": 2.80854546261459,
    "56-23-5": 0.507329294353628,
    "7553-56-2": -1.5297047974522213,
    "75-73-0": 4.868921764368117,
    "7664-41-7": 2.876226285502988,
    "75-01-4": 1.7654653232233617,
    "12185-09-0": -0.38496274258260743,
    "7784-23-8": -0.500354062418779,
    "64-18-6": 2.308973366757348,
    "14868-53-2": 0.3865861739395086,
    "542-92-7": 1.2765108818960358,
    "1603-84-5": 1.199020432397551,
    "1333-74-0": 4.358106812009541,
    "108-95-2v2": 1.2827882826894337,
    "65-71-4": 0.3432795605261302,
    "7726-95-6": -0.9251367152521268,
    "7783-40-6": 0.009688965107381738,
    "7784-42-1": 2.8883179117276114,
    "23878-46-8": -0.31601546381525153,
    "66-22-8": 0.2945586828010507,
    "7803-62-5": 2.947222209511844,
    "7782-50-5": -0.3888215378893471,
    "12187-06-3": -0.972989494861174,
    "75-02-5": 2.4990130935713686,
    "10043-11-5": -3.801224771502629,
    "75-15-0": 0.15739517351083981,
    "39297-86-4": -0.9386567729457962,
    "7693-26-7": -0.006311829631514193,
    "544-92-3": -1.64752,
    "73-24-5": 0.7790727626482825,
    "7786-30-3": -0.20266695373339577,
    "507-25-5": -1.8275068467234807,
    "593-66-8": 1.1639861974973729,
    "1304-56-9": -2.34565,
    "50-00-0": 1.3147893582852301,
    "7783-60-0": 0.8415306776159696,
    "60-29-7": 2.7920124300757383,
    "73-40-5": 1.0814927442353903,
    "7647-01-0": 2.7630388970656665,
    "593-60-2v2": 1.5583532391355133,
    "71-43-2": 1.325893430712025,
    "71-30-7": 0.5547212165921915,
    "630-08-0": 0.9704665260651841,
    "7783-63-3": -0.3646315354502651,
    "7782-65-2": 3.0390525829940342,
    "463-58-1": 1.5997422184810486,
    "108-88-3": 1.2578379587511743,
    "25681-79-2": -0.49572293251561717,
    "25681-81-6": -0.5333862212805301,
    "74-85-1": 2.3436686060932215,
    "12190-70-4": -1.00383,
    "7789-24-4": 0.20520910774181655,
    "7784-18-1": 0.5149666002737302,
    "7580-67-8": 0.11084451639652226
  }
}
