{
  "method": "AFF",
  "parameters": {
  	"eta": 0.001
  },
  "calc_type": "G0W0@PBE",
  "orbital": "LUMO",
  "remark": "RI with aux-def2-qzvp",
  "code": "VOTCA-XTP",
  "basis_name": "def2-QZVP",
  "basis_size": "4",
  "code_version": "1.7-dev",
  "qpe": "solved",
  "DOI": "unpublished",
  "basis": "gaussian RIFIT",
  "data": {
    "7446-09-5": -1.0020149759107255,
    "110-86-1": 0.49399853425981666,
    "13283-31-3": 0.10189027621879897,
    "7758-02-3": -0.30796920591670196,
    "558-13-4": -1.0774951588194785,
    "17739-47-8": -0.20278347047725373,
    "100-41-4": 1.0358109597012501,
    "7783-06-4": 2.5673016527276142,
    "7440-01-9": 11.63882862665534,
    "629-20-9": 0.05970368077240632,
    "7664-39-3": 2.520232592713315,
    "7722-84-1": 2.359154605623856,
    "75-19-4": 2.448591659552142,
    "7647-14-5": -0.3942608571537318,
    "7439-90-9": 7.57617778698583,
    "7732-18-5": 2.3934964765282083,
    "12184-80-4": -2.9374795959044495,
    "74-82-8": 2.451899760657069,
    "75-07-0": 1.0487195983774824,
    "7782-41-4": -0.7063571765803187,
    "67-56-1": 2.2392704566645576,
    "74-86-2": 2.791872594487027,
    "7782-79-8": 1.3966331092158595,
    "62-53-3": 1.1348643830259981,
    "25681-80-5": -0.6471952978516816,
    "64-17-5": 2.044596535344831,
    "14452-59-6": -0.6264504219937985,
    "124-38-9": 2.494145039127427,
    "392-56-3": 0.6576633562869205,
    "593-60-2": 1.3676803960188986,
    "7440-37-1": 8.108255329685237,
    "74-90-8": 2.5395940543858506,
    "7727-37-9": 2.4487796287852333,
    "108-95-2": 0.9435736453629767,
    "7803-51-2": 2.504498392180846,
    "302-01-2": 1.9634340484422237,
    "57-13-6": 1.6183272527312214,
    "19287-45-7": 0.8171535956237864,
    "7440-63-3": 4.319812457615314,
    "7440-59-7": 11.003549886045326,
    "1309-48-4": -1.8946533361471545,
    "13768-60-0": 1.2154760070000161,
    "106-97-8": 2.136374673694382,
    "17108-85-9": -0.020701012916558452,
    "10028-15-6": -2.2961001938883996,
    "1590-87-0": 1.6805581827375191,
    "39297-88-6": -0.9708323336622681,
    "74-84-0": 2.2879105682136376,
    "74-98-6": 2.1748771070114272,
    "56-23-5": -0.013365828696908028,
    "7553-56-2": -1.88060834951612,
    "75-73-0": 4.341560992728607,
    "7664-41-7": 2.325900546796673,
    "75-01-4": 1.4142113617619547,
    "12185-09-0": -0.7247812122412327,
    "7784-23-8": -0.7945597352001822,
    "64-18-6": 1.905369895799555,
    "14868-53-2": 0.14744338708203725,
    "542-92-7": 1.0186483211712685,
    "1603-84-5": 0.8694225567927466,
    "1333-74-0": 3.528308233054187,
    "108-95-2v2": 1.0018671364312874,
    "65-71-4": 0.04584120085481786,
    "7726-95-6": -1.398557073575258,
    "7783-40-6": -0.13932881017849463,
    "7784-42-1": 2.3199459170888757,
    "23878-46-8": -0.8459389340951081,
    "66-22-8": -0.009516799863263176,
    "7803-62-5": 2.4655440356883163,
    "7782-50-5": -0.8904239600803276,
    "12187-06-3": -1.1208053995274032,
    "75-02-5": 2.132357862596003,
    "10043-11-5": -3.945870280895087,
    "75-15-0": -0.19705665663882493,
    "39297-86-4": -1.0088951130365862,
    "7693-26-7": -0.1783928610949084,
    "544-92-3": -1.6475728465846071,
    "73-24-5": 0.4642981161234925,
    "7786-30-3": -0.4314190964920737,
    "507-25-5": -2.1381207061542757,
    "593-66-8": 0.8041880596735755,
    "1304-56-9": -2.492793323699658,
    "50-00-0": 0.9584406637960697,
    "7783-60-0": 0.37734164288661903,
    "60-29-7": 2.0976565051162384,
    "73-40-5": 0.7416055381382254,
    "7647-01-0": 2.0672450177585184,
    "593-60-2v2": 1.2481874272841973,
    "71-43-2": 1.0566948867377157,
    "71-30-7": 0.24036359129755677,
    "630-08-0": 0.6710894542683288,
    "7783-63-3": -0.6018237030638675,
    "7782-65-2": 2.302077381938022,
    "463-58-1": 1.215442054365518,
    "108-88-3": 0.9930676717214676,
    "25681-79-2": -0.5500005208340779,
    "25681-81-6": -0.5680047842883029,
    "74-85-1": 2.0051361716839473,
    "12190-70-4": -1.08819,
    "7789-24-4": 0.09085729741697023,
    "7784-18-1": 0.15913011302403768,
    "7580-67-8": -0.06838703268204802
  }
}
