{
  "method": "GN-PPM",
  "parameters": {
  	"eta": 0.001
  },
  "calc_type": "G0W0@PBE",
  "orbital": "HOMO",
  "remark": "RI with aux-def2-tzvp",
  "code": "VOTCA-XTP",
  "basis_name": "def2-TZVP",
  "basis_size": "3",
  "code_version": "1.7-dev",
  "qpe": "solved",
  "DOI": "unpublished",
  "basis": "gaussian RIFIT",
  "data": {
    "7446-09-5": -11.240737255530458,
    "110-86-1": -8.603329490695748,
    "13283-31-3": -12.582491737362153,
    "7758-02-3": -7.45564474372218,
    "558-13-4": -9.559162024008772,
    "17739-47-8": -10.714741344211495,
    "100-41-4": -8.250503730365415,
    "7783-06-4": -9.787496362536384,
    "7440-01-9": -20.05076788476672,
    "629-20-9": -7.750835994065081,
    "7664-39-3": -14.730810073192584,
    "7722-84-1": -10.374602833236352,
    "75-19-4": -10.207049655764077,
    "7647-14-5": -8.263609953145899,
    "7439-90-9": -13.309008902547218,
    "7732-18-5": -11.497499817888482,
    "12184-80-4": -10.540412415200924,
    "74-82-8": -13.61485219054054,
    "75-07-0": -9.060361478628353,
    "7782-41-4": -14.296383791144294,
    "67-56-1": -10.029065407738445,
    "74-86-2": -10.773089566498438,
    "7782-79-8": -9.896606610680843,
    "62-53-3": -7.26369663956333,
    "25681-80-5": -4.302811973438688,
    "64-17-5": -9.658357161585416,
    "14452-59-6": -4.986952217715389,
    "124-38-9": -12.630498777665277,
    "392-56-3": -9.062372062543309,
    "593-60-2": -8.666029352264156,
    "7440-37-1": -14.897475804082989,
    "74-90-8": -12.877320690282408,
    "7727-37-9": -14.440654486119893,
    "108-95-2": -7.953206704188639,
    "7803-51-2": -10.094476719032523,
    "302-01-2": -8.888913335100414,
    "57-13-6": -8.81582344371193,
    "19287-45-7": -11.510260638517519,
    "7440-63-3": -11.76537387258569,
    "7440-59-7": -23.366441554718445,
    "1309-48-4": -6.581994861444921,
    "13768-60-0": -10.568208853665153,
    "106-97-8": -11.150869731984523,
    "17108-85-9": -9.391932952179161,
    "10028-15-6": -11.289910994779236,
    "1590-87-0": -10.060073586746507,
    "39297-88-6": -4.41998394204771,
    "74-84-0": -12.006112759747374,
    "74-98-6": -11.448884796824782,
    "56-23-5": -10.676028109306216,
    "7553-56-2": -8.997448509924755,
    "75-73-0": -14.677786525655547,
    "7664-41-7": -9.99102497249332,
    "75-01-4": -9.447553295453979,
    "12185-09-0": -10.018514492828338,
    "7784-23-8": -9.08851442364615,
    "64-18-6": -10.220072981942627,
    "14868-53-2": -8.714904299924717,
    "542-92-7": -8.077607232374534,
    "1603-84-5": -9.910823191417402,
    "1333-74-0": -15.617394862339346,
    "108-95-2v2": -7.8650378885738546,
    "65-71-4": -8.303935168851043,
    "7726-95-6": -9.877962691269941,
    "7783-40-6": -12.060515899040881,
    "7784-42-1": -9.949781018206373,
    "23878-46-8": -9.303889066163977,
    "66-22-8": -8.767784450963187,
    "7803-62-5": -12.039149675446756,
    "7782-50-5": -10.785220238511542,
    "12187-06-3": -7.529142161046541,
    "75-02-5": -9.825381283424516,
    "10043-11-5": -10.786356633335766,
    "75-15-0": -9.475814780900695,
    "39297-86-4": -4.318910786391979,
    "7693-26-7": -5.118240598260605,
    "544-92-3": -9.45277014296901,
    "73-24-5": -7.563538730039296,
    "7786-30-3": -10.868258493955157,
    "507-25-5": -8.57781089787132,
    "593-66-8": -8.772973417364197,
    "1304-56-9": -8.920511209622152,
    "50-00-0": -9.771722865158535,
    "7783-60-0": -11.520027406767205,
    "60-29-7": -8.842918334237895,
    "73-40-5": -7.274893856114508,
    "7647-01-0": -11.972565002527059,
    "593-60-2v2": -9.171889095617008,
    "71-43-2": -8.70526245931776,
    "71-30-7": -7.858258607923193,
    "630-08-0": -13.305480321616216,
    "7783-63-3": -13.359393915271173,
    "7782-65-2": -11.780815019767983,
    "463-58-1": -10.576379389624744,
    "108-88-3": -8.314782421907388,
    "25681-79-2": -5.08153147573712,
    "25681-81-6": -4.0748403934372135,
    "74-85-1": -10.082045300938088,
    "12190-70-4": -7.137180119594461,
    "7789-24-4": -9.604650968436541,
    "7784-18-1": -13.671085423264396,
    "7580-67-8": -6.907604971240767
  }
}
