{
  "method": "AFF",
  "parameters": {
  	"eta": 0.001
  },
  "calc_type": "G0W0@PBE",
  "orbital": "LUMO",
  "remark": "RI with aux-def2-qzvpp",
  "code": "VOTCA-XTP",
  "basis_name": "def2-QZVPP",
  "basis_size": "",
  "code_version": "1.7-dev",
  "qpe": "solved",
  "DOI": "unpublished",
  "basis": "gaussian RIFIT",
  "data": {
    "7446-09-5": -1.0020149759107255,
    "110-86-1": 0.4939985342728979,
    "13283-31-3": 0.10189027623664519,
    "7758-02-3": -0.3138526798706927,
    "558-13-4": -1.123542987728059,
    "17739-47-8": -0.2027834704810059,
    "100-41-4": 1.0358094614595847,
    "7783-06-4": 2.5673016527276142,
    "7440-01-9": 11.63882862665534,
    "629-20-9": 0.059703551879671364,
    "7664-39-3": 2.520232592713315,
    "7722-84-1": 2.359154605623856,
    "75-19-4": 2.448591659552142,
    "7647-14-5": -0.4104083247053461,
    "7439-90-9": 7.552914354807903,
    "7732-18-5": 2.3934964765282083,
    "12184-80-4": -2.937479595908312,
    "74-82-8": 2.451899760657069,
    "75-07-0": 1.0487195983774824,
    "7782-41-4": -0.7063571765803187,
    "67-56-1": 2.2392704566645576,
    "74-86-2": 2.791872594487027,
    "7782-79-8": 1.3966331092158595,
    "62-53-3": 1.1348643828560447,
    "25681-80-5": -0.6685915236690018,
    "64-17-5": 2.0445965353490854,
    "14452-59-6": -0.6264504219938734,
    "124-38-9": 2.4941821410281975,
    "392-56-3": 0.6576633620499392,
    "593-60-2": 1.362079698084566,
    "7440-37-1": 8.108255329685237,
    "74-90-8": 2.5395940543858506,
    "7727-37-9": 2.4487796287852333,
    "108-95-2": 0.9435736471591513,
    "7803-51-2": 2.504498392180846,
    "302-01-2": 1.963434048431097,
    "57-13-6": 1.618327252721199,
    "19287-45-7": 0.8171535956015468,
    "7440-63-3": 4.319812457615314,
    "7440-59-7": 11.003549886045326,
    "1309-48-4": -1.9040382821270796,
    "13768-60-0": 1.215476007001454,
    "106-97-8": 2.136374673773942,
    "17108-85-9": -0.058920437698499924,
    "10028-15-6": -2.2961001938893393,
    "1590-87-0": 1.6805581827438407,
    "39297-88-6": -0.9809766291312135,
    "74-84-0": 2.2879105682136376,
    "74-98-6": 2.1748771070114272,
    "56-23-5": -0.013365765945936742,
    "7553-56-2": -1.88060834951612,
    "75-73-0": 4.341560992728607,
    "7664-41-7": 2.325900546796673,
    "75-01-4": 1.4142113617619547,
    "12185-09-0": -0.7247812122406587,
    "7784-23-8": -0.7945597352001822,
    "64-18-6": 1.9053698957929102,
    "14868-53-2": 0.1474433870885703,
    "542-92-7": 1.0186483211155433,
    "1603-84-5": 0.8554456661577535,
    "1333-74-0": 3.52830823305527,
    "108-95-2v2": 1.0018672278504117,
    "65-71-4": 0.04584122630136761,
    "7726-95-6": -1.4760568453402019,
    "7783-40-6": -0.14897134195413564,
    "7784-42-1": 2.2949004929110317,
    "23878-46-8": -0.9030222287387317,
    "66-22-8": -0.009516799863263176,
    "7803-62-5": 2.4655440356883163,
    "7782-50-5": -0.8904239600803276,
    "12187-06-3": -1.1961149480719049,
    "75-02-5": 2.132357862596003,
    "10043-11-5": -3.9458702808848685,
    "75-15-0": -0.19705665663882493,
    "39297-86-4": -1.0206903895279409,
    "7693-26-7": -0.1907663369848794,
    "544-92-3": -1.700451111209209,
    "73-24-5": 0.4642981161234925,
    "7786-30-3": -0.44002495763937677,
    "507-25-5": -2.1381207600327006,
    "593-66-8": 0.8041880597526808,
    "1304-56-9": -2.492793323700794,
    "50-00-0": 0.9584406638406864,
    "7783-60-0": 0.37734164288661903,
    "60-29-7": 2.09765650549504,
    "73-40-5": 0.7416055381382254,
    "7647-01-0": 2.0672450177585184,
    "593-60-2v2": 1.2450747600168235,
    "71-43-2": 1.0566948867377157,
    "71-30-7": 0.24036359129755677,
    "630-08-0": 0.6710894542674889,
    "7783-63-3": -0.6482675995707557,
    "7782-65-2": 2.244293984946889,
    "463-58-1": 1.215442054397179,
    "108-88-3": 0.9930676717537931,
    "25681-79-2": -0.5627170892947614,
    "25681-81-6": -0.6182885401312938,
    "74-85-1": 2.0051361716839473,
    "12190-70-4": -1.12363,
    "7789-24-4": 0.09085729741697023,
    "7784-18-1": 0.15913011302403768,
    "7580-67-8": -0.06838703268204802
  }
}
