{
  "method": "AFF",
  "parameters": {
  	"eta": 0.001
  },
  "calc_type": "G0W0@PBE",
  "orbital": "LUMO",
  "remark": "RI with aux-def2-tzvp",
  "code": "VOTCA-XTP",
  "basis_name": "def2-TZVP",
  "basis_size": "3",
  "code_version": "1.7-dev",
  "qpe": "solved",
  "DOI": "unpublished",
  "basis": "gaussian RIFIT",
  "data": {
    "7446-09-5": -0.5103426346084504,
    "110-86-1": 0.803394289296902,
    "13283-31-3": 0.2891329968969294,
    "7758-02-3": -0.20620487094036638,
    "558-13-4": -0.6670148779798796,
    "17739-47-8": 0.20083378251034148,
    "100-41-4": 1.3323784085757968,
    "7783-06-4": 3.143220443699555,
    "7440-01-9": 20.723103401919666,
    "629-20-9": 0.33566118539351947,
    "7664-39-3": 3.306647920369679,
    "7722-84-1": 2.975799102641139,
    "75-19-4": 3.4401988877162792,
    "7647-14-5": -0.37823304889048404,
    "7439-90-9": 10.395264433329405,
    "7732-18-5": 3.107329348385746,
    "12184-80-4": -2.721417733556327,
    "74-82-8": 3.4969068894533657,
    "75-07-0": 1.4179569826044118,
    "7782-41-4": -0.18185442435738847,
    "67-56-1": 3.102557932648305,
    "74-86-2": 3.2899555328828907,
    "7782-79-8": 1.7511752199580355,
    "62-53-3": 1.4639368679876898,
    "25681-80-5": -0.5384484630768583,
    "64-17-5": 2.8486805770940578,
    "14452-59-6": -0.38214550319421947,
    "124-38-9": 4.066241820814834,
    "392-56-3": 0.958531332964094,
    "593-60-2": 1.7463300404293431,
    "7440-37-1": 14.651204688707669,
    "74-90-8": 3.0160749901391184,
    "7727-37-9": 2.774995952714366,
    "108-95-2": 1.2674495705564204,
    "7803-51-2": 3.024794823209689,
    "302-01-2": 2.587501538281115,
    "57-13-6": 2.29768177378618,
    "19287-45-7": 1.0463040288390397,
    "7440-63-3": 7.605181901413594,
    "7440-59-7": 22.205426964377484,
    "1309-48-4": -1.6989797477852058,
    "13768-60-0": 1.384675343894043,
    "106-97-8": 2.7756222121748526,
    "17108-85-9": 0.3370702355257719,
    "10028-15-6": -1.8989296219861937,
    "1590-87-0": 2.06979419774714,
    "39297-88-6": -0.8896827244385914,
    "74-84-0": 3.1105784229248643,
    "74-98-6": 2.8686777005393944,
    "56-23-5": 0.5242180035040428,
    "7553-56-2": -1.5297047974522213,
    "75-73-0": 4.868921764368159,
    "7664-41-7": 3.026535187664135,
    "75-01-4": 1.8109978254502708,
    "12185-09-0": -0.35569109698961915,
    "7784-23-8": -0.4680556480269637,
    "64-18-6": 2.346789881212591,
    "14868-53-2": 0.4645611400738687,
    "542-92-7": 1.3279139017261206,
    "1603-84-5": 1.199020432397551,
    "1333-74-0": 4.543434037409255,
    "108-95-2v2": 1.3236065668467472,
    "65-71-4": 0.37258318941588503,
    "7726-95-6": -0.9251367152521238,
    "7783-40-6": 0.009688965107383249,
    "7784-42-1": 2.9821591690623577,
    "23878-46-8": -0.31601546381525153,
    "66-22-8": 0.3257578549827967,
    "7803-62-5": 3.0751528104078742,
    "7782-50-5": -0.3581735207165947,
    "12187-06-3": -0.8465222830086392,
    "75-02-5": 2.5507457005599075,
    "10043-11-5": -3.80122477150263,
    "75-15-0": 0.17375716514530307,
    "39297-86-4": -0.9386567729457962,
    "7693-26-7": 0.02408010578742994,
    "544-92-3": -1.64752,
    "73-24-5": 0.8061473211351748,
    "7786-30-3": -0.1961967739622767,
    "507-25-5": -1.8275068467234792,
    "593-66-8": 1.1842965830135022,
    "1304-56-9": -1.5890752307723777,
    "50-00-0": 1.3515597056513209,
    "7783-60-0": 0.8670281754825585,
    "60-29-7": 2.8546032661601752,
    "73-40-5": 1.1112788286869495,
    "7647-01-0": 2.8727530781639197,
    "593-60-2v2": 1.6023179973035406,
    "71-43-2": 1.3657784398376844,
    "71-30-7": 0.5877665723870344,
    "630-08-0": 0.9704665260651811,
    "7783-63-3": -0.08714085416875067,
    "7782-65-2": 3.1281197563236467,
    "463-58-1": 1.6072695250072253,
    "108-88-3": 1.297673882563515,
    "25681-79-2": -0.4957229325156187,
    "25681-81-6": -0.5209282935813293,
    "74-85-1": 2.4061435687819746,
    "12190-70-4": -0.5077986151894646,
    "7789-24-4": 0.222716101588082,
    "7784-18-1": 0.5527354082014185,
    "7580-67-8": 0.17916076559573277
  }
}
