{
  "method": "GN-PPM",
  "parameters": {
  	"eta": 0.001
  },
  "calc_type": "G0W0@PBE",
  "orbital": "LUMO",
  "remark": "RI with aux-def2-tzvp",
  "code": "VOTCA-XTP",
  "basis_name": "def2-TZVP",
  "basis_size": "3",
  "code_version": "1.7-dev",
  "qpe": "solved",
  "DOI": "unpublished",
  "basis": "gaussian RIFIT",
  "data": {
    "7446-09-5": -0.24226247312393093,
    "110-86-1": 1.048084484395748,
    "13283-31-3": 0.3449029949556292,
    "7758-02-3": -0.17137002473287913,
    "558-13-4": -0.5233869071237254,
    "17739-47-8": 0.3556216794469957,
    "100-41-4": 1.5419071695138784,
    "7783-06-4": 3.2197383670117237,
    "7440-01-9": 20.764681727817596,
    "629-20-9": 0.5527869938197048,
    "7664-39-3": 3.3865079272645877,
    "7722-84-1": 3.3677939562104737,
    "75-19-4": 3.4829420924434618,
    "7647-14-5": -0.32749397633340965,
    "7439-90-9": 10.395968095754695,
    "7732-18-5": 3.170156766064373,
    "12184-80-4": -2.4961756455569497,
    "74-82-8": 3.520461778814327,
    "75-07-0": 1.7529565169644743,
    "7782-41-4": 0.3710969114897634,
    "67-56-1": 3.1740372530403107,
    "74-86-2": 3.4290481341452765,
    "7782-79-8": 2.0780613129609278,
    "62-53-3": 1.6720841709008267,
    "25681-80-5": -0.5463760663243648,
    "64-17-5": 2.9281593434575792,
    "14452-59-6": -0.3334785853099834,
    "124-38-9": 4.340977859164912,
    "392-56-3": 1.182816989274086,
    "593-60-2": 1.9420296104471049,
    "7440-37-1": 14.663531364684578,
    "74-90-8": 3.2237651533448206,
    "7727-37-9": 3.0310993782852926,
    "108-95-2": 1.4665026056440993,
    "7803-51-2": 3.0840259953829543,
    "302-01-2": 2.648133162195543,
    "57-13-6": 2.360209104525026,
    "19287-45-7": 1.1309005571511839,
    "7440-63-3": 7.618237193712115,
    "7440-59-7": 22.24037236378846,
    "1309-48-4": -1.417913106850056,
    "13768-60-0": 1.5254253346134041,
    "106-97-8": 2.815029312966577,
    "17108-85-9": 0.335071316393254,
    "10028-15-6": -1.391153301096555,
    "1590-87-0": 2.1349996621202045,
    "39297-88-6": -0.9033475487093843,
    "74-84-0": 3.1403758244941025,
    "74-98-6": 2.9018111957927837,
    "56-23-5": 0.6762445490124469,
    "7553-56-2": -1.3696923190365926,
    "75-73-0": 4.94566472073176,
    "7664-41-7": 3.069367215384965,
    "75-01-4": 2.005719635517314,
    "12185-09-0": -0.30385738994702544,
    "7784-23-8": -0.386770932960916,
    "64-18-6": 2.6842212181289105,
    "14868-53-2": 0.516182839913357,
    "542-92-7": 1.537248113306672,
    "1603-84-5": 1.4516397900018247,
    "1333-74-0": 4.558166836249592,
    "108-95-2v2": 1.522187707966177,
    "65-71-4": 0.6664181219897398,
    "7726-95-6": -0.7696853196921066,
    "7783-40-6": 0.07644027615999063,
    "7784-42-1": 3.0196403474741564,
    "23878-46-8": -0.2883795147824583,
    "66-22-8": 0.6200364907283092,
    "7803-62-5": 3.1076278652638174,
    "7782-50-5": -0.18955578528272182,
    "12187-06-3": -0.7580655665485228,
    "75-02-5": 2.7515629368130368,
    "10043-11-5": -3.3540941865636733,
    "75-15-0": 0.3247505184310394,
    "39297-86-4": -0.9203256482763147,
    "7693-26-7": 0.1274510956631933,
    "544-92-3": -1.1761158424229168,
    "73-24-5": 1.1044884610307502,
    "7786-30-3": -0.1537747704199656,
    "507-25-5": -1.6808069880736194,
    "593-66-8": 1.3410899858813115,
    "1304-56-9": -2.017718693182239,
    "50-00-0": 1.6455704549925807,
    "7783-60-0": 1.0507666519583907,
    "60-29-7": 2.903839788514753,
    "73-40-5": 1.4309702952508945,
    "7647-01-0": 2.944182978186482,
    "593-60-2v2": 1.8094376269008512,
    "71-43-2": 1.5635186015046565,
    "71-30-7": 0.8809576083875879,
    "630-08-0": 1.225293217652652,
    "7783-63-3": 0.301008792402937,
    "7782-65-2": 3.1804755503252267,
    "463-58-1": 1.8282764693501417,
    "108-88-3": 1.500935239706255,
    "25681-79-2": -0.4989426482923481,
    "25681-81-6": -0.5095881445631156,
    "74-85-1": 2.586233220382334,
    "12190-70-4": -0.5495796563978235,
    "7789-24-4": 0.22760301124558913,
    "7784-18-1": 0.6471333382043006,
    "7580-67-8": 0.24683043151065456
  }
}
