{
    "orbital": "HOMO",
    "qpe": "solved",
    "code": "MOLGW",
    "code_version": "2.B",
    "DOI": "unpublished",
    "basis": "gaussian",
    "basis_size": "4",
    "basis_name": "def2-QZVP",
    "remark": [
        "For BeO and Cu2, first QP peak manually selected to comply with TM; For BeO, eta=1.0e-5, step_sigma=1.0e-4, nomega_sigma=5000"
    ],
    "method": "AFF",
    "parameters": {
        "eta": 0.001,
        "auxil_basis": "auto"
    },
    "calc_type": "G0W0@PBE",
    "data": {
        "100-41-4": -8.55252862,
        "10028-15-6": -11.3765413,
        "10043-11-5": -11.0041963,
        "106-97-8": -11.4900394,
        "108-88-3": -8.61260074,
        "108-95-2": -8.3665422,
        "108-95-2v2": -8.26295636,
        "110-86-1": -9.04024823,
        "12184-80-4": -10.781459,
        "12185-09-0": -10.2053165,
        "12187-06-3": -7.66463728,
        "12190-70-4": -6.652098,
        "124-38-9": -13.2500664,
        "1304-56-9": -8.510983,
        "1309-48-4": -6.6705702,
        "13283-31-3": -12.8666768,
        "1333-74-0": -15.8146535,
        "13768-60-0": -10.5617984,
        "14452-59-6": -4.98933686,
        "14868-53-2": -8.93466957,
        "1590-87-0": -10.3098797,
        "1603-84-5": -10.1998483,
        "17108-85-9": -9.55419211,
        "17739-47-8": -11.1351226,
        "19287-45-7": -11.835486,
        "23878-46-8": -9.47053044,
        "25681-79-2": -4.83568749,
        "25681-80-5": -3.97837234,
        "25681-81-6": -3.78590972,
        "302-01-2": -9.28106148,
        "392-56-3": -9.49286296,
        "39297-86-4": -4.11903315,
        "39297-88-6": -4.24084034,
        "463-58-1": -10.9060257,
        "50-00-0": -10.3277397,
        "507-25-5": -8.74957336,
        "542-92-7": -8.34822987,
        "544-92-3": -9.42139272,
        "558-13-4": -9.90045911,
        "56-23-5": -10.9748411,
        "57-13-6": -9.31985121,
        "593-60-2": -8.99021903,
        "593-60-2v2": -9.4914007,
        "593-66-8": -9.02395779,
        "60-29-7": -9.32030345,
        "62-53-3": -7.64372969,
        "629-20-9": -8.05433262,
        "630-08-0": -13.5708224,
        "64-17-5": -10.1574005,
        "64-18-6": -10.7303553,
        "65-71-4": -8.70623387,
        "66-22-8": -9.22146546,
        "67-56-1": -10.562355,
        "71-30-7": -8.28594577,
        "71-43-2": -8.98447365,
        "73-24-5": -7.97451362,
        "73-40-5": -7.69115828,
        "74-82-8": -13.9264151,
        "74-84-0": -12.3654395,
        "74-85-1": -10.3238636,
        "74-86-2": -11.0199051,
        "74-90-8": -13.2112292,
        "74-98-6": -11.7943464,
        "7439-90-9": -13.5714353,
        "7440-01-9": -13.3144338,
        "7440-37-1": -15.1324492,
        "7440-59-7": -15.7484961,
        "7440-63-3": -11.9977181,
        "7446-09-5": -11.8233484,
        "75-01-4": -9.76159441,
        "75-02-5": -10.196111,
        "75-07-0": -9.54831098,
        "75-15-0": -9.74826001,
        "75-19-4": -10.5543152,
        "75-73-0": -15.3646273,
        "7553-56-2": -9.2387418,
        "7580-67-8": -6.55020233,
        "7647-01-0": -12.2468169,
        "7647-14-5": -8.09257198,
        "7664-39-3": -15.3022746,
        "7664-41-7": -10.3144597,
        "7693-26-7": -4.85730899,
        "7722-84-1": -10.9877103,
        "7726-95-6": -10.2175463,
        "7727-37-9": -14.8889974,
        "7732-18-5": -11.9733144,
        "7758-02-3": -7.29692634,
        "7782-41-4": -14.9617453,
        "7782-50-5": -11.1012009,
        "7782-65-2": -12.0238221,
        "7782-79-8": -10.3946446,
        "7783-06-4": -10.0318437,
        "7783-40-6": -12.324281,
        "7783-60-0": -12.1171041,
        "7783-63-3": -13.8903176,
        "7784-18-1": -14.251335,
        "7784-23-8": -9.27592846,
        "7784-42-1": -10.1236607,
        "7786-30-3": -10.9909611,
        "7789-24-4": -9.9476327,
        "7803-51-2": -10.2733135,
        "7803-62-5": -12.3101506
    }
}
