{
  "method": "AFF",
  "parameters": {
  	"eta": 0.001	
  },
  "calc_type": "G0W0@PBE",
  "orbital": "HOMO",
  "remark": "RI with aux-def2-tzvp",
  "code": "VOTCA-XTP",
  "basis_name": "def2-TZVP",
  "basis_size": "3",
  "code_version": "1.7-dev",
  "qpe": "solved",
  "DOI": "unpublished",
  "basis": "gaussian RIFIT",
  "data": {
    "7446-09-5": -11.580955098867642,
    "110-86-1": -8.8521607916228,
    "13283-31-3": -12.660185779230233,
    "7758-02-3": -7.058673432202029,
    "558-13-4": -9.556933547796344,
    "17739-47-8": -10.972526573636664,
    "100-41-4": -8.373234601038664,
    "7783-06-4": -9.823134649831466,
    "7440-01-9": -20.420592891446503,
    "629-20-9": -7.869266854777368,
    "7664-39-3": -15.172083407364328,
    "7722-84-1": -10.810489409324596,
    "75-19-4": -10.363795596607831,
    "7647-14-5": -7.8508371949688565,
    "7439-90-9": -13.263747886133372,
    "7732-18-5": -11.80180893625564,
    "12184-80-4": -10.656370685190922,
    "74-82-8": -13.740148280607842,
    "75-07-0": -9.356991002612972,
    "7782-41-4": -14.817253718769788,
    "67-56-1": -10.33130085160846,
    "74-86-2": -10.897606009351364,
    "7782-79-8": -10.204345817853275,
    "62-53-3": -7.426301074633956,
    "25681-80-5": -3.9169949720813375,
    "64-17-5": -9.94268433783279,
    "14452-59-6": -4.87003730197237,
    "124-38-9": -13.042803160648035,
    "392-56-3": -9.246974700074372,
    "593-60-2": -8.745064574054853,
    "7440-37-1": -14.95032751941654,
    "74-90-8": -13.064576837068774,
    "7727-37-9": -14.72481898991393,
    "108-95-2": -8.153602108218784,
    "7803-51-2": -10.099722483168842,
    "302-01-2": -9.10133891837964,
    "57-13-6": -9.090678864868957,
    "19287-45-7": -11.618960639609975,
    "7440-63-3": -11.745627698139849,
    "7440-59-7": -23.42616504299579,
    "1309-48-4": -6.620749594908314,
    "13768-60-0": -10.394887562333855,
    "106-97-8": -11.28230193876656,
    "17108-85-9": -9.365219235812743,
    "10028-15-6": -11.2923,
    "1590-87-0": -10.087764887006875,
    "39297-88-6": -4.193314653236547,
    "74-84-0": -12.150227284000835,
    "74-98-6": -11.590083521948786,
    "56-23-5": -10.742880291631321,
    "7553-56-2": -8.983652226938396,
    "75-73-0": -15.130409509754124,
    "7664-41-7": -10.149564804150288,
    "75-01-4": -9.559488185738546,
    "12185-09-0": -10.02190252730116,
    "7784-23-8": -9.028886237108157,
    "64-18-6": -10.53855068008714,
    "14868-53-2": -8.709852537315804,
    "542-92-7": -8.184703702190285,
    "1603-84-5": -9.934703786405537,
    "1333-74-0": -15.628881645917401,
    "108-95-2v2": -8.054845461667929,
    "65-71-4": -8.485809915283555,
    "7726-95-6": -9.882907706893041,
    "7783-40-6": -12.155486929162494,
    "7784-42-1": -9.956176294815188,
    "23878-46-8": -9.255108538430989,
    "66-22-8": -9.023132619014637,
    "7803-62-5": -12.111289215535194,
    "7782-50-5": -10.876620909130171,
    "12187-06-3": -7.366271345114518,
    "75-02-5": -10.00864256723256,
    "10043-11-5": -10.907743242329117,
    "75-15-0": -9.533262263109807,
    "39297-86-4": -4.076946084044094,
    "7693-26-7": -4.74293645978008,
    "544-92-3": -9.42204,
    "73-24-5": -7.748076493149232,
    "7786-30-3": -10.800171927123351,
    "507-25-5": -8.516118524602007,
    "593-66-8": -8.794187382692401,
    "1304-56-9": -8.58056,
    "50-00-0": -10.114375692195397,
    "7783-60-0": -11.842379107042747,
    "60-29-7": -9.105484745237698,
    "73-40-5": -7.462169140777218,
    "7647-01-0": -12.04839943832742,
    "593-60-2v2": -9.236973210719581,
    "71-43-2": -8.814144298834227,
    "71-30-7": -8.068525973821789,
    "630-08-0": -13.429815915774993,
    "7783-63-3": -13.723501537605673,
    "7782-65-2": -11.811824689471305,
    "463-58-1": -10.697653123743779,
    "108-88-3": -8.434785106448455,
    "25681-79-2": -4.808415249545357,
    "25681-81-6": -3.736956228019648,
    "74-85-1": -10.176192135702866,
    "12190-70-4": -6.73590,
    "7789-24-4": -9.510532290480462,
    "7784-18-1": -14.018764463192657,
    "7580-67-8": -6.473099006307894
  }
}
