{
  "method": "AFF",
  "parameters": {
	  "eta": 0.001
  },
  "calc_type": "G0W0@PBE",
  "orbital": "HOMO",
  "remark": "RI with aux-def2-qzvp",
  "code": "VOTCA-XTP",
  "basis_name": "def2-QZVP",
  "basis_size": "4",
  "code_version": "1.7-dev",
  "qpe": "solved",
  "DOI": "unpublished",
  "basis": "gaussian RIFIT",
  "data": {
    "7446-09-5": -11.821907739510902,
    "110-86-1": -9.045095505512439,
    "13283-31-3": -12.863010553873698,
    "7758-02-3": -7.301178494828947,
    "558-13-4": -9.891160801873449,
    "17739-47-8": -11.135034396488258,
    "100-41-4": -8.55506735447385,
    "7783-06-4": -10.021718880513214,
    "7440-01-9": -20.37537978369055,
    "629-20-9": -8.057777825400024,
    "7664-39-3": -15.28519468075583,
    "7722-84-1": -10.988011912214269,
    "75-19-4": -10.55624467263903,
    "7647-14-5": -8.09898912563357,
    "7439-90-9": -13.56575426271491,
    "7732-18-5": -11.958322030274465,
    "12184-80-4": -10.780731395815097,
    "74-82-8": -13.932903051295268,
    "75-07-0": -9.54880667988143,
    "7782-41-4": -14.9618167427775,
    "67-56-1": -10.55083438337229,
    "74-86-2": -11.010576009039859,
    "7782-79-8": -10.391243743529396,
    "62-53-3": -7.643626627432622,
    "25681-80-5": -3.9805642385495448,
    "64-17-5": -10.160287361070672,
    "14452-59-6": -4.992743067946645,
    "124-38-9": -13.250228799462239,
    "392-56-3": -9.491602677539344,
    "593-60-2": -8.987119352020466,
    "7440-37-1": -15.131749186144049,
    "74-90-8": -13.203598243183498,
    "7727-37-9": -14.888281883844575,
    "108-95-2": -8.366149051327398,
    "7803-51-2": -10.281757722247546,
    "302-01-2": -9.274423212484258,
    "57-13-6": -9.305702065153016,
    "19287-45-7": -11.830634714657279,
    "7440-63-3": -11.998695810398871,
    "7440-59-7": -23.476830317469233,
    "1309-48-4": -6.675558054403509,
    "13768-60-0": -10.562664737463152,
    "106-97-8": -11.496515277079698,
    "17108-85-9": -9.554102410581233,
    "10028-15-6": -11.3936,
    "1590-87-0": -10.310507990826197,
    "39297-88-6": -4.241773190098375,
    "74-84-0": -12.36041035980615,
    "74-98-6": -11.804016946115665,
    "56-23-5": -10.983585800499535,
    "7553-56-2": -9.239469377805237,
    "75-73-0": -15.364084899319485,
    "7664-41-7": -10.311819536684958,
    "75-01-4": -9.765721726281198,
    "12185-09-0": -10.205657501841293,
    "7784-23-8": -9.275824911153478,
    "64-18-6": -10.733048209739303,
    "14868-53-2": -8.943126932742711,
    "542-92-7": -8.3568739347728,
    "1603-84-5": -10.195343449762332,
    "1333-74-0": -15.799919661398741,
    "108-95-2v2": -8.266070691824403,
    "65-71-4": -8.706256986442337,
    "7726-95-6": -10.212144203504016,
    "7783-40-6": -12.322772487617735,
    "7784-42-1": -10.130247450454982,
    "23878-46-8": -9.46448789725487,
    "66-22-8": -9.229910686304622,
    "7803-62-5": -12.317945339408645,
    "7782-50-5": -11.100018365413773,
    "12187-06-3": -7.664746899553619,
    "75-02-5": -10.195338620968212,
    "10043-11-5": -11.011143790257227,
    "75-15-0": -9.747800098654633,
    "39297-86-4": -4.120639913254248,
    "7693-26-7": -4.879896693846266,
    "544-92-3": -9.421861126253155,
    "73-24-5": -7.978483910401172,
    "7786-30-3": -10.991333339031387,
    "507-25-5": -8.750862528512707,
    "593-66-8": -9.022577179144138,
    "1304-56-9": -8.60855,
    "50-00-0": -10.320903561389976,
    "7783-60-0": -12.114833660525317,
    "60-29-7": -9.32291554608634,
    "73-40-5": -7.694386984750344,
    "7647-01-0": -12.23187668082183,
    "593-60-2v2": -9.487077186921182,
    "71-43-2": -8.992260610878121,
    "71-30-7": -8.291748088700768,
    "630-08-0": -13.570474546821831,
    "7783-63-3": -13.89017042403526,
    "7782-65-2": -12.028421581371415,
    "463-58-1": -10.905569642622828,
    "108-88-3": -8.61823235404426,
    "25681-79-2": -4.837276608221294,
    "25681-81-6": -3.787488789981267,
    "74-85-1": -10.319715099432187,
    "12190-70-4": -6.66104,
    "7789-24-4": -9.92622089078417,
    "7784-18-1": -14.252335384116547,
    "7580-67-8": -6.5774778684765005
  }
}
